                                                                                                                                                                                            Ayurveda medical Equipment,,,,,(Dummy Data)
Products ,,Supplier ,,,
"
Nadi Sweden Yantra Electric Steam Generator",,India Medico Instruments located in New Delhi.,click here for Details,(Dummy Data),
Ayurvedic Herbal Manual Massager Potli,,CHOUDHARY ACUPRESSURE,click here for Details,(Dummy Data),
Acrylic Rectangular Greeva Basti Yantra,,Atamya Surgical ,click here for Details,(Dummy Data),
Copper Neti Yoga and Ayurveda Jala Neti Pot,,Rudra Exports,click here for Details,(Dummy Data),
Kati Basti Yantra:,,Atmiya Surgical,click here for Details,(Dummy Data),
Shirodhara Pot:Â ,,Apex International ,click here for Details,(Dummy Data),
Shirodhara Stand:,,Atmiya Surgical,click here for Details,(Dummy Data),
Vaman Peeth,,Micro Enterprises Pvt. Ltd,click here for Details,(Dummy Data),
Enema Douche Can,,United Poly Engineering Private Limited,click here for Details,(Dummy Data),
